文章标识符aid,标题title,链接url(永久),发布时间time
"2652300240_1","大学生到打卡地爬火车被电伤，南京站回应","http://mp.weixin.qq.com/s?__biz=MjM5MzI5NTU3MQ==&mid=2652300240&idx=1&sn=1fef0e0d4840ef2c52b2237216200780&chksm=bd7b7e6c8a0cf77adadb18c9c204d2d82135825e81c1879cbbd4e0aec6886b514a08090e7164#rd","2024-01-19 16:11:24"
"2652300240_2","河南云台山“男女妲己”引热议，官方致歉","http://mp.weixin.qq.com/s?__biz=MjM5MzI5NTU3MQ==&mid=2652300240&idx=2&sn=753ddc8699a25c877b674d5aade45674&chksm=bd7b7e6c8a0cf77a05ee5105da0659a16fe99acea407ff105e258ef36500b1e89017cce09d9a#rd","2024-01-19 16:11:24"
"2652300240_3","下班后，继续“隐形加班”","http://mp.weixin.qq.com/s?__biz=MjM5MzI5NTU3MQ==&mid=2652300240&idx=3&sn=a6d7a6dc0775233db6546d24d75be33f&chksm=bd7b7e6c8a0cf77af3f45e7478b438cfa364a9d8d91e38bb4ebdc3232511cbddc6395b285d84#rd","2024-01-19 16:11:24"
"2652300240_4","公器私用，靠校吃校！张广被双开","http://mp.weixin.qq.com/s?__biz=MjM5MzI5NTU3MQ==&mid=2652300240&idx=4&sn=ca7a15afe7ef0fadca1b79ec0a7e7af9&chksm=bd7b7e6c8a0cf77a99a31e6d899f2af7513612b65b8620352adc3c7aee220b5f4cade66b327a#rd","2024-01-19 16:11:24"
"2652300171_1","老干部举报县领导后被捕，最高检回应","http://mp.weixin.qq.com/s?__biz=MjM5MzI5NTU3MQ==&mid=2652300171&idx=1&sn=7d482adfb5d70ee2ac7c46faf247617c&chksm=bd7b7e378a0cf72134e6766a425e46edbff717921c91c01eada7913353fac1d93a39adc9745a#rd","2024-01-19 12:18:20"
"2652300171_2","朝鲜进行水下核武器系统试验","http://mp.weixin.qq.com/s?__biz=MjM5MzI5NTU3MQ==&mid=2652300171&idx=2&sn=676226bcb17bcfbac0b24f1b30e21713&chksm=bd7b7e378a0cf7213eb96d386f297ef635c666458d8afe41beedf82e32d228f586bf3380ce04#rd","2024-01-19 12:18:20"
"2652300171_3","十分重要！我国在河南发现新矿物","http://mp.weixin.qq.com/s?__biz=MjM5MzI5NTU3MQ==&mid=2652300171&idx=3&sn=3c9e152077c600e6e924baff1ce6482a&chksm=bd7b7e378a0cf72143a7567aaef0206d806bf62e5f62c8de052a027dd10712add0adb7430608#rd","2024-01-19 12:18:20"
"2652300171_4","奥特曼：我相信AI无法替代人类","http://mp.weixin.qq.com/s?__biz=MjM5MzI5NTU3MQ==&mid=2652300171&idx=4&sn=37766c57a177f09b41ed54165872aa85&chksm=bd7b7e378a0cf72181c9374898aa15132ded742cfb98837625aa5465b80c66ceb2c10c8aa45d#rd","2024-01-19 12:18:20"
"2652300171_5","欧丽娟讲《红楼梦》｜开启红楼新读法，打开人生新活法","http://mp.weixin.qq.com/s?__biz=MjM5MzI5NTU3MQ==&mid=2652300171&idx=5&sn=8a277c519a62a0496f4ce51e222320c7&chksm=bd7b7e378a0cf72119477029ba5153b393d83b534b8d6c4360f1582f1863708f983e2daf85ec#rd","2024-01-19 12:18:20"
"2652300102_1","华中农业大学凌晨通报：教师黄某某，停职","http://mp.weixin.qq.com/s?__biz=MjM5MzI5NTU3MQ==&mid=2652300102&idx=1&sn=28e9edd37834490e5c0b117f87a2c7c6&chksm=bd7b7efa8a0cf7ec75faec7759afb0f1305389342b5a1d987b35175110200223d99ca7bd5cd1#rd","2024-01-19 09:13:26"
"2652300102_2","明确了！宿舍缺口大的高校，原则上不得新增招生指标","http://mp.weixin.qq.com/s?__biz=MjM5MzI5NTU3MQ==&mid=2652300102&idx=2&sn=4ab7a5f56e99a4eca05211a40f33759b&chksm=bd7b7efa8a0cf7ec69a84f22d2647810750a475eea95af879925afcebf94a8a618bf8451ad88#rd","2024-01-19 09:13:26"
"2652300102_3","“一霸手”刘文新：当市长眼里没书记，当书记眼里没州长","http://mp.weixin.qq.com/s?__biz=MjM5MzI5NTU3MQ==&mid=2652300102&idx=3&sn=6c46ed6e2d5649eb31f02fe006e3b3ad&chksm=bd7b7efa8a0cf7eca9d1f4a9b675b0cddba22d785eef54b1436ba7a394875e6359b46e264bb4#rd","2024-01-19 09:13:26"
"2652300102_4","卷名人、卷局长、卷服务……各地文旅这么卷，有用吗","http://mp.weixin.qq.com/s?__biz=MjM5MzI5NTU3MQ==&mid=2652300102&idx=4&sn=8eea43772241f1494d1b2a717c1d7d0a&chksm=bd7b7efa8a0cf7ec7e4cbbf4f679513ba49ec17e1227e88f20df28df1c826d54dcff708532df#rd","2024-01-19 09:13:26"
"2652300102_5","征集｜澎湃新闻与多特瑞携手发起“繁花之绪”主题艺术活动","http://mp.weixin.qq.com/s?__biz=MjM5MzI5NTU3MQ==&mid=2652300102&idx=5&sn=a2cd80a0f1a235733250c626009b026b&chksm=bd7b7efa8a0cf7ecdebbe4c7f8b8dc4148de82122a10fae901c16510742bc6ae9fb4914a1047#rd","2024-01-19 09:13:26"
"2652300047_1","抢林俊杰演唱会的票被“调剂”成林子祥？大麦回应","http://mp.weixin.qq.com/s?__biz=MjM5MzI5NTU3MQ==&mid=2652300047&idx=1&sn=25787fbbf95763b5e601f18bf6d845c9&chksm=bd7b7eb38a0cf7a529c689b7534cc164a837c673718ac51372ed8d605afec4456f8fee9f8951#rd","2024-01-18 22:16:43"
"2652300047_2","被同学抽板凳致骨折，女生不满学校态度，浙江农林大：已积极协调","http://mp.weixin.qq.com/s?__biz=MjM5MzI5NTU3MQ==&mid=2652300047&idx=2&sn=7fd76f8a834026a7acc2eaafa6a5ab61&chksm=bd7b7eb38a0cf7a5c4391b07cb5afb053b2a7886475d7295bb2d399b51ee34b29325882628f6#rd","2024-01-18 22:16:43"
"2652300047_3","“促成一名男青年结婚，奖励红娘600元”","http://mp.weixin.qq.com/s?__biz=MjM5MzI5NTU3MQ==&mid=2652300047&idx=3&sn=721923df84f48d9c1637bb8839f5088f&chksm=bd7b7eb38a0cf7a5e8fe130746a945c2cedd61a4a024cf0a55def8d828b0eaa3aa61d9b3c30f#rd","2024-01-18 22:16:43"
"2652300047_4","“2888元内场观看火箭发射涉虚假宣传”，文昌通报","http://mp.weixin.qq.com/s?__biz=MjM5MzI5NTU3MQ==&mid=2652300047&idx=4&sn=6e9e927c8cb7d246cc11411a47dbe840&chksm=bd7b7eb38a0cf7a51b4560fe31b5f6be3e966e569997b64df130278ba1d8f86a47e38bd2d88f#rd","2024-01-18 22:16:43"
"2652299995_1","2岁女童送医后死亡，其父承认“时常殴打孩子”已被刑拘","http://mp.weixin.qq.com/s?__biz=MjM5MzI5NTU3MQ==&mid=2652299995&idx=1&sn=d206b515e6eaa602c684a8a5846b2b8e&chksm=bd7b7f678a0cf671f470e7c743097e3a4932667cc6c02621f18199f59581139db4809bc0e243#rd","2024-01-18 19:52:56"
"2652299995_2","“3人同时买同趟航班票价不同”，飞猪回应","http://mp.weixin.qq.com/s?__biz=MjM5MzI5NTU3MQ==&mid=2652299995&idx=2&sn=82005e42bb1a8983221f57f14b34ccd7&chksm=bd7b7f678a0cf6710a909fff4972a5816890f57ccbde41c0b272728ce45c203e641faa04ca68#rd","2024-01-18 19:52:56"
"2652299995_3","涉虚假宣传，任泽平“亲测有效”的防脱育发产品所属公司被罚","http://mp.weixin.qq.com/s?__biz=MjM5MzI5NTU3MQ==&mid=2652299995&idx=3&sn=24980353b5e5661c7e1fdcc2d695e34f&chksm=bd7b7f678a0cf67138bad6660b5bf3afa2663dd23e5be1afec0ce21122f8525594cced806ec0#rd","2024-01-18 19:52:56"
"2652299995_4","网易诉暴雪案今日开庭取消，法院：系原告撤诉","http://mp.weixin.qq.com/s?__biz=MjM5MzI5NTU3MQ==&mid=2652299995&idx=4&sn=15e30cebd282786a33cd1f81146a4154&chksm=bd7b7f678a0cf671dd5901902963bfd0267e0a491e26f63b16c5c5e47ab90822756cecd29eec#rd","2024-01-18 19:52:56"
"2652300240_1","大学生到打卡地爬火车被电伤，南京站回应","http://mp.weixin.qq.com/s?__biz=MjM5MzI5NTU3MQ==&mid=2652300240&idx=1&sn=1fef0e0d4840ef2c52b2237216200780&chksm=bd7b7e6c8a0cf77adadb18c9c204d2d82135825e81c1879cbbd4e0aec6886b514a08090e7164#rd","2024-01-19 16:11:24"
"2652300240_2","河南云台山“男女妲己”引热议，官方致歉","http://mp.weixin.qq.com/s?__biz=MjM5MzI5NTU3MQ==&mid=2652300240&idx=2&sn=753ddc8699a25c877b674d5aade45674&chksm=bd7b7e6c8a0cf77a05ee5105da0659a16fe99acea407ff105e258ef36500b1e89017cce09d9a#rd","2024-01-19 16:11:24"
"2652300240_3","下班后，继续“隐形加班”","http://mp.weixin.qq.com/s?__biz=MjM5MzI5NTU3MQ==&mid=2652300240&idx=3&sn=a6d7a6dc0775233db6546d24d75be33f&chksm=bd7b7e6c8a0cf77af3f45e7478b438cfa364a9d8d91e38bb4ebdc3232511cbddc6395b285d84#rd","2024-01-19 16:11:24"
"2652300240_4","公器私用，靠校吃校！张广被双开","http://mp.weixin.qq.com/s?__biz=MjM5MzI5NTU3MQ==&mid=2652300240&idx=4&sn=ca7a15afe7ef0fadca1b79ec0a7e7af9&chksm=bd7b7e6c8a0cf77a99a31e6d899f2af7513612b65b8620352adc3c7aee220b5f4cade66b327a#rd","2024-01-19 16:11:24"
"2652300171_1","老干部举报县领导后被捕，最高检回应","http://mp.weixin.qq.com/s?__biz=MjM5MzI5NTU3MQ==&mid=2652300171&idx=1&sn=7d482adfb5d70ee2ac7c46faf247617c&chksm=bd7b7e378a0cf72134e6766a425e46edbff717921c91c01eada7913353fac1d93a39adc9745a#rd","2024-01-19 12:18:20"
"2652300171_2","朝鲜进行水下核武器系统试验","http://mp.weixin.qq.com/s?__biz=MjM5MzI5NTU3MQ==&mid=2652300171&idx=2&sn=676226bcb17bcfbac0b24f1b30e21713&chksm=bd7b7e378a0cf7213eb96d386f297ef635c666458d8afe41beedf82e32d228f586bf3380ce04#rd","2024-01-19 12:18:20"
"2652300171_3","十分重要！我国在河南发现新矿物","http://mp.weixin.qq.com/s?__biz=MjM5MzI5NTU3MQ==&mid=2652300171&idx=3&sn=3c9e152077c600e6e924baff1ce6482a&chksm=bd7b7e378a0cf72143a7567aaef0206d806bf62e5f62c8de052a027dd10712add0adb7430608#rd","2024-01-19 12:18:20"
"2652300171_4","奥特曼：我相信AI无法替代人类","http://mp.weixin.qq.com/s?__biz=MjM5MzI5NTU3MQ==&mid=2652300171&idx=4&sn=37766c57a177f09b41ed54165872aa85&chksm=bd7b7e378a0cf72181c9374898aa15132ded742cfb98837625aa5465b80c66ceb2c10c8aa45d#rd","2024-01-19 12:18:20"
"2652300171_5","欧丽娟讲《红楼梦》｜开启红楼新读法，打开人生新活法","http://mp.weixin.qq.com/s?__biz=MjM5MzI5NTU3MQ==&mid=2652300171&idx=5&sn=8a277c519a62a0496f4ce51e222320c7&chksm=bd7b7e378a0cf72119477029ba5153b393d83b534b8d6c4360f1582f1863708f983e2daf85ec#rd","2024-01-19 12:18:20"
"2652300102_1","华中农业大学凌晨通报：教师黄某某，停职","http://mp.weixin.qq.com/s?__biz=MjM5MzI5NTU3MQ==&mid=2652300102&idx=1&sn=28e9edd37834490e5c0b117f87a2c7c6&chksm=bd7b7efa8a0cf7ec75faec7759afb0f1305389342b5a1d987b35175110200223d99ca7bd5cd1#rd","2024-01-19 09:13:26"
"2652300102_2","明确了！宿舍缺口大的高校，原则上不得新增招生指标","http://mp.weixin.qq.com/s?__biz=MjM5MzI5NTU3MQ==&mid=2652300102&idx=2&sn=4ab7a5f56e99a4eca05211a40f33759b&chksm=bd7b7efa8a0cf7ec69a84f22d2647810750a475eea95af879925afcebf94a8a618bf8451ad88#rd","2024-01-19 09:13:26"
"2652300102_3","“一霸手”刘文新：当市长眼里没书记，当书记眼里没州长","http://mp.weixin.qq.com/s?__biz=MjM5MzI5NTU3MQ==&mid=2652300102&idx=3&sn=6c46ed6e2d5649eb31f02fe006e3b3ad&chksm=bd7b7efa8a0cf7eca9d1f4a9b675b0cddba22d785eef54b1436ba7a394875e6359b46e264bb4#rd","2024-01-19 09:13:26"
"2652300102_4","卷名人、卷局长、卷服务……各地文旅这么卷，有用吗","http://mp.weixin.qq.com/s?__biz=MjM5MzI5NTU3MQ==&mid=2652300102&idx=4&sn=8eea43772241f1494d1b2a717c1d7d0a&chksm=bd7b7efa8a0cf7ec7e4cbbf4f679513ba49ec17e1227e88f20df28df1c826d54dcff708532df#rd","2024-01-19 09:13:26"
"2652300102_5","征集｜澎湃新闻与多特瑞携手发起“繁花之绪”主题艺术活动","http://mp.weixin.qq.com/s?__biz=MjM5MzI5NTU3MQ==&mid=2652300102&idx=5&sn=a2cd80a0f1a235733250c626009b026b&chksm=bd7b7efa8a0cf7ecdebbe4c7f8b8dc4148de82122a10fae901c16510742bc6ae9fb4914a1047#rd","2024-01-19 09:13:26"
"2652300047_1","抢林俊杰演唱会的票被“调剂”成林子祥？大麦回应","http://mp.weixin.qq.com/s?__biz=MjM5MzI5NTU3MQ==&mid=2652300047&idx=1&sn=25787fbbf95763b5e601f18bf6d845c9&chksm=bd7b7eb38a0cf7a529c689b7534cc164a837c673718ac51372ed8d605afec4456f8fee9f8951#rd","2024-01-18 22:16:43"
"2652300047_2","被同学抽板凳致骨折，女生不满学校态度，浙江农林大：已积极协调","http://mp.weixin.qq.com/s?__biz=MjM5MzI5NTU3MQ==&mid=2652300047&idx=2&sn=7fd76f8a834026a7acc2eaafa6a5ab61&chksm=bd7b7eb38a0cf7a5c4391b07cb5afb053b2a7886475d7295bb2d399b51ee34b29325882628f6#rd","2024-01-18 22:16:43"
"2652300047_3","“促成一名男青年结婚，奖励红娘600元”","http://mp.weixin.qq.com/s?__biz=MjM5MzI5NTU3MQ==&mid=2652300047&idx=3&sn=721923df84f48d9c1637bb8839f5088f&chksm=bd7b7eb38a0cf7a5e8fe130746a945c2cedd61a4a024cf0a55def8d828b0eaa3aa61d9b3c30f#rd","2024-01-18 22:16:43"
"2652300047_4","“2888元内场观看火箭发射涉虚假宣传”，文昌通报","http://mp.weixin.qq.com/s?__biz=MjM5MzI5NTU3MQ==&mid=2652300047&idx=4&sn=6e9e927c8cb7d246cc11411a47dbe840&chksm=bd7b7eb38a0cf7a51b4560fe31b5f6be3e966e569997b64df130278ba1d8f86a47e38bd2d88f#rd","2024-01-18 22:16:43"
"2652299995_1","2岁女童送医后死亡，其父承认“时常殴打孩子”已被刑拘","http://mp.weixin.qq.com/s?__biz=MjM5MzI5NTU3MQ==&mid=2652299995&idx=1&sn=d206b515e6eaa602c684a8a5846b2b8e&chksm=bd7b7f678a0cf671f470e7c743097e3a4932667cc6c02621f18199f59581139db4809bc0e243#rd","2024-01-18 19:52:56"
"2652299995_2","“3人同时买同趟航班票价不同”，飞猪回应","http://mp.weixin.qq.com/s?__biz=MjM5MzI5NTU3MQ==&mid=2652299995&idx=2&sn=82005e42bb1a8983221f57f14b34ccd7&chksm=bd7b7f678a0cf6710a909fff4972a5816890f57ccbde41c0b272728ce45c203e641faa04ca68#rd","2024-01-18 19:52:56"
"2652299995_3","涉虚假宣传，任泽平“亲测有效”的防脱育发产品所属公司被罚","http://mp.weixin.qq.com/s?__biz=MjM5MzI5NTU3MQ==&mid=2652299995&idx=3&sn=24980353b5e5661c7e1fdcc2d695e34f&chksm=bd7b7f678a0cf67138bad6660b5bf3afa2663dd23e5be1afec0ce21122f8525594cced806ec0#rd","2024-01-18 19:52:56"
"2652299995_4","网易诉暴雪案今日开庭取消，法院：系原告撤诉","http://mp.weixin.qq.com/s?__biz=MjM5MzI5NTU3MQ==&mid=2652299995&idx=4&sn=15e30cebd282786a33cd1f81146a4154&chksm=bd7b7f678a0cf671dd5901902963bfd0267e0a491e26f63b16c5c5e47ab90822756cecd29eec#rd","2024-01-18 19:52:56"
"2652300240_1","大学生到打卡地爬火车被电伤，南京站回应","http://mp.weixin.qq.com/s?__biz=MjM5MzI5NTU3MQ==&mid=2652300240&idx=1&sn=1fef0e0d4840ef2c52b2237216200780&chksm=bd7b7e6c8a0cf77adadb18c9c204d2d82135825e81c1879cbbd4e0aec6886b514a08090e7164#rd","2024-01-19 16:11:24"
"2652300240_2","河南云台山“男女妲己”引热议，官方致歉","http://mp.weixin.qq.com/s?__biz=MjM5MzI5NTU3MQ==&mid=2652300240&idx=2&sn=753ddc8699a25c877b674d5aade45674&chksm=bd7b7e6c8a0cf77a05ee5105da0659a16fe99acea407ff105e258ef36500b1e89017cce09d9a#rd","2024-01-19 16:11:24"
"2652300240_3","下班后，继续“隐形加班”","http://mp.weixin.qq.com/s?__biz=MjM5MzI5NTU3MQ==&mid=2652300240&idx=3&sn=a6d7a6dc0775233db6546d24d75be33f&chksm=bd7b7e6c8a0cf77af3f45e7478b438cfa364a9d8d91e38bb4ebdc3232511cbddc6395b285d84#rd","2024-01-19 16:11:24"
"2652300240_4","公器私用，靠校吃校！张广被双开","http://mp.weixin.qq.com/s?__biz=MjM5MzI5NTU3MQ==&mid=2652300240&idx=4&sn=ca7a15afe7ef0fadca1b79ec0a7e7af9&chksm=bd7b7e6c8a0cf77a99a31e6d899f2af7513612b65b8620352adc3c7aee220b5f4cade66b327a#rd","2024-01-19 16:11:24"
"2652300171_1","老干部举报县领导后被捕，最高检回应","http://mp.weixin.qq.com/s?__biz=MjM5MzI5NTU3MQ==&mid=2652300171&idx=1&sn=7d482adfb5d70ee2ac7c46faf247617c&chksm=bd7b7e378a0cf72134e6766a425e46edbff717921c91c01eada7913353fac1d93a39adc9745a#rd","2024-01-19 12:18:20"
"2652300171_2","朝鲜进行水下核武器系统试验","http://mp.weixin.qq.com/s?__biz=MjM5MzI5NTU3MQ==&mid=2652300171&idx=2&sn=676226bcb17bcfbac0b24f1b30e21713&chksm=bd7b7e378a0cf7213eb96d386f297ef635c666458d8afe41beedf82e32d228f586bf3380ce04#rd","2024-01-19 12:18:20"
"2652300171_3","十分重要！我国在河南发现新矿物","http://mp.weixin.qq.com/s?__biz=MjM5MzI5NTU3MQ==&mid=2652300171&idx=3&sn=3c9e152077c600e6e924baff1ce6482a&chksm=bd7b7e378a0cf72143a7567aaef0206d806bf62e5f62c8de052a027dd10712add0adb7430608#rd","2024-01-19 12:18:20"
"2652300171_4","奥特曼：我相信AI无法替代人类","http://mp.weixin.qq.com/s?__biz=MjM5MzI5NTU3MQ==&mid=2652300171&idx=4&sn=37766c57a177f09b41ed54165872aa85&chksm=bd7b7e378a0cf72181c9374898aa15132ded742cfb98837625aa5465b80c66ceb2c10c8aa45d#rd","2024-01-19 12:18:20"
"2652300171_5","欧丽娟讲《红楼梦》｜开启红楼新读法，打开人生新活法","http://mp.weixin.qq.com/s?__biz=MjM5MzI5NTU3MQ==&mid=2652300171&idx=5&sn=8a277c519a62a0496f4ce51e222320c7&chksm=bd7b7e378a0cf72119477029ba5153b393d83b534b8d6c4360f1582f1863708f983e2daf85ec#rd","2024-01-19 12:18:20"
"2652300102_1","华中农业大学凌晨通报：教师黄某某，停职","http://mp.weixin.qq.com/s?__biz=MjM5MzI5NTU3MQ==&mid=2652300102&idx=1&sn=28e9edd37834490e5c0b117f87a2c7c6&chksm=bd7b7efa8a0cf7ec75faec7759afb0f1305389342b5a1d987b35175110200223d99ca7bd5cd1#rd","2024-01-19 09:13:26"
"2652300102_2","明确了！宿舍缺口大的高校，原则上不得新增招生指标","http://mp.weixin.qq.com/s?__biz=MjM5MzI5NTU3MQ==&mid=2652300102&idx=2&sn=4ab7a5f56e99a4eca05211a40f33759b&chksm=bd7b7efa8a0cf7ec69a84f22d2647810750a475eea95af879925afcebf94a8a618bf8451ad88#rd","2024-01-19 09:13:26"
"2652300102_3","“一霸手”刘文新：当市长眼里没书记，当书记眼里没州长","http://mp.weixin.qq.com/s?__biz=MjM5MzI5NTU3MQ==&mid=2652300102&idx=3&sn=6c46ed6e2d5649eb31f02fe006e3b3ad&chksm=bd7b7efa8a0cf7eca9d1f4a9b675b0cddba22d785eef54b1436ba7a394875e6359b46e264bb4#rd","2024-01-19 09:13:26"
"2652300102_4","卷名人、卷局长、卷服务……各地文旅这么卷，有用吗","http://mp.weixin.qq.com/s?__biz=MjM5MzI5NTU3MQ==&mid=2652300102&idx=4&sn=8eea43772241f1494d1b2a717c1d7d0a&chksm=bd7b7efa8a0cf7ec7e4cbbf4f679513ba49ec17e1227e88f20df28df1c826d54dcff708532df#rd","2024-01-19 09:13:26"
"2652300102_5","征集｜澎湃新闻与多特瑞携手发起“繁花之绪”主题艺术活动","http://mp.weixin.qq.com/s?__biz=MjM5MzI5NTU3MQ==&mid=2652300102&idx=5&sn=a2cd80a0f1a235733250c626009b026b&chksm=bd7b7efa8a0cf7ecdebbe4c7f8b8dc4148de82122a10fae901c16510742bc6ae9fb4914a1047#rd","2024-01-19 09:13:26"
"2652300047_1","抢林俊杰演唱会的票被“调剂”成林子祥？大麦回应","http://mp.weixin.qq.com/s?__biz=MjM5MzI5NTU3MQ==&mid=2652300047&idx=1&sn=25787fbbf95763b5e601f18bf6d845c9&chksm=bd7b7eb38a0cf7a529c689b7534cc164a837c673718ac51372ed8d605afec4456f8fee9f8951#rd","2024-01-18 22:16:43"
"2652300047_2","被同学抽板凳致骨折，女生不满学校态度，浙江农林大：已积极协调","http://mp.weixin.qq.com/s?__biz=MjM5MzI5NTU3MQ==&mid=2652300047&idx=2&sn=7fd76f8a834026a7acc2eaafa6a5ab61&chksm=bd7b7eb38a0cf7a5c4391b07cb5afb053b2a7886475d7295bb2d399b51ee34b29325882628f6#rd","2024-01-18 22:16:43"
"2652300047_3","“促成一名男青年结婚，奖励红娘600元”","http://mp.weixin.qq.com/s?__biz=MjM5MzI5NTU3MQ==&mid=2652300047&idx=3&sn=721923df84f48d9c1637bb8839f5088f&chksm=bd7b7eb38a0cf7a5e8fe130746a945c2cedd61a4a024cf0a55def8d828b0eaa3aa61d9b3c30f#rd","2024-01-18 22:16:43"
"2652300047_4","“2888元内场观看火箭发射涉虚假宣传”，文昌通报","http://mp.weixin.qq.com/s?__biz=MjM5MzI5NTU3MQ==&mid=2652300047&idx=4&sn=6e9e927c8cb7d246cc11411a47dbe840&chksm=bd7b7eb38a0cf7a51b4560fe31b5f6be3e966e569997b64df130278ba1d8f86a47e38bd2d88f#rd","2024-01-18 22:16:43"
"2652299995_1","2岁女童送医后死亡，其父承认“时常殴打孩子”已被刑拘","http://mp.weixin.qq.com/s?__biz=MjM5MzI5NTU3MQ==&mid=2652299995&idx=1&sn=d206b515e6eaa602c684a8a5846b2b8e&chksm=bd7b7f678a0cf671f470e7c743097e3a4932667cc6c02621f18199f59581139db4809bc0e243#rd","2024-01-18 19:52:56"
"2652299995_2","“3人同时买同趟航班票价不同”，飞猪回应","http://mp.weixin.qq.com/s?__biz=MjM5MzI5NTU3MQ==&mid=2652299995&idx=2&sn=82005e42bb1a8983221f57f14b34ccd7&chksm=bd7b7f678a0cf6710a909fff4972a5816890f57ccbde41c0b272728ce45c203e641faa04ca68#rd","2024-01-18 19:52:56"
"2652299995_3","涉虚假宣传，任泽平“亲测有效”的防脱育发产品所属公司被罚","http://mp.weixin.qq.com/s?__biz=MjM5MzI5NTU3MQ==&mid=2652299995&idx=3&sn=24980353b5e5661c7e1fdcc2d695e34f&chksm=bd7b7f678a0cf67138bad6660b5bf3afa2663dd23e5be1afec0ce21122f8525594cced806ec0#rd","2024-01-18 19:52:56"
"2652299995_4","网易诉暴雪案今日开庭取消，法院：系原告撤诉","http://mp.weixin.qq.com/s?__biz=MjM5MzI5NTU3MQ==&mid=2652299995&idx=4&sn=15e30cebd282786a33cd1f81146a4154&chksm=bd7b7f678a0cf671dd5901902963bfd0267e0a491e26f63b16c5c5e47ab90822756cecd29eec#rd","2024-01-18 19:52:56"
"2652300240_1","大学生到打卡地爬火车被电伤，南京站回应","http://mp.weixin.qq.com/s?__biz=MjM5MzI5NTU3MQ==&mid=2652300240&idx=1&sn=1fef0e0d4840ef2c52b2237216200780&chksm=bd7b7e6c8a0cf77adadb18c9c204d2d82135825e81c1879cbbd4e0aec6886b514a08090e7164#rd","2024-01-19 16:11:24"
"2652300240_2","河南云台山“男女妲己”引热议，官方致歉","http://mp.weixin.qq.com/s?__biz=MjM5MzI5NTU3MQ==&mid=2652300240&idx=2&sn=753ddc8699a25c877b674d5aade45674&chksm=bd7b7e6c8a0cf77a05ee5105da0659a16fe99acea407ff105e258ef36500b1e89017cce09d9a#rd","2024-01-19 16:11:24"
"2652300240_3","下班后，继续“隐形加班”","http://mp.weixin.qq.com/s?__biz=MjM5MzI5NTU3MQ==&mid=2652300240&idx=3&sn=a6d7a6dc0775233db6546d24d75be33f&chksm=bd7b7e6c8a0cf77af3f45e7478b438cfa364a9d8d91e38bb4ebdc3232511cbddc6395b285d84#rd","2024-01-19 16:11:24"
"2652300240_4","公器私用，靠校吃校！张广被双开","http://mp.weixin.qq.com/s?__biz=MjM5MzI5NTU3MQ==&mid=2652300240&idx=4&sn=ca7a15afe7ef0fadca1b79ec0a7e7af9&chksm=bd7b7e6c8a0cf77a99a31e6d899f2af7513612b65b8620352adc3c7aee220b5f4cade66b327a#rd","2024-01-19 16:11:24"
"2652300171_1","老干部举报县领导后被捕，最高检回应","http://mp.weixin.qq.com/s?__biz=MjM5MzI5NTU3MQ==&mid=2652300171&idx=1&sn=7d482adfb5d70ee2ac7c46faf247617c&chksm=bd7b7e378a0cf72134e6766a425e46edbff717921c91c01eada7913353fac1d93a39adc9745a#rd","2024-01-19 12:18:20"
"2652300171_2","朝鲜进行水下核武器系统试验","http://mp.weixin.qq.com/s?__biz=MjM5MzI5NTU3MQ==&mid=2652300171&idx=2&sn=676226bcb17bcfbac0b24f1b30e21713&chksm=bd7b7e378a0cf7213eb96d386f297ef635c666458d8afe41beedf82e32d228f586bf3380ce04#rd","2024-01-19 12:18:20"
"2652300171_3","十分重要！我国在河南发现新矿物","http://mp.weixin.qq.com/s?__biz=MjM5MzI5NTU3MQ==&mid=2652300171&idx=3&sn=3c9e152077c600e6e924baff1ce6482a&chksm=bd7b7e378a0cf72143a7567aaef0206d806bf62e5f62c8de052a027dd10712add0adb7430608#rd","2024-01-19 12:18:20"
"2652300171_4","奥特曼：我相信AI无法替代人类","http://mp.weixin.qq.com/s?__biz=MjM5MzI5NTU3MQ==&mid=2652300171&idx=4&sn=37766c57a177f09b41ed54165872aa85&chksm=bd7b7e378a0cf72181c9374898aa15132ded742cfb98837625aa5465b80c66ceb2c10c8aa45d#rd","2024-01-19 12:18:20"
"2652300171_5","欧丽娟讲《红楼梦》｜开启红楼新读法，打开人生新活法","http://mp.weixin.qq.com/s?__biz=MjM5MzI5NTU3MQ==&mid=2652300171&idx=5&sn=8a277c519a62a0496f4ce51e222320c7&chksm=bd7b7e378a0cf72119477029ba5153b393d83b534b8d6c4360f1582f1863708f983e2daf85ec#rd","2024-01-19 12:18:20"
"2652300102_1","华中农业大学凌晨通报：教师黄某某，停职","http://mp.weixin.qq.com/s?__biz=MjM5MzI5NTU3MQ==&mid=2652300102&idx=1&sn=28e9edd37834490e5c0b117f87a2c7c6&chksm=bd7b7efa8a0cf7ec75faec7759afb0f1305389342b5a1d987b35175110200223d99ca7bd5cd1#rd","2024-01-19 09:13:26"
"2652300102_2","明确了！宿舍缺口大的高校，原则上不得新增招生指标","http://mp.weixin.qq.com/s?__biz=MjM5MzI5NTU3MQ==&mid=2652300102&idx=2&sn=4ab7a5f56e99a4eca05211a40f33759b&chksm=bd7b7efa8a0cf7ec69a84f22d2647810750a475eea95af879925afcebf94a8a618bf8451ad88#rd","2024-01-19 09:13:26"
"2652300102_3","“一霸手”刘文新：当市长眼里没书记，当书记眼里没州长","http://mp.weixin.qq.com/s?__biz=MjM5MzI5NTU3MQ==&mid=2652300102&idx=3&sn=6c46ed6e2d5649eb31f02fe006e3b3ad&chksm=bd7b7efa8a0cf7eca9d1f4a9b675b0cddba22d785eef54b1436ba7a394875e6359b46e264bb4#rd","2024-01-19 09:13:26"
"2652300102_4","卷名人、卷局长、卷服务……各地文旅这么卷，有用吗","http://mp.weixin.qq.com/s?__biz=MjM5MzI5NTU3MQ==&mid=2652300102&idx=4&sn=8eea43772241f1494d1b2a717c1d7d0a&chksm=bd7b7efa8a0cf7ec7e4cbbf4f679513ba49ec17e1227e88f20df28df1c826d54dcff708532df#rd","2024-01-19 09:13:26"
"2652300102_5","征集｜澎湃新闻与多特瑞携手发起“繁花之绪”主题艺术活动","http://mp.weixin.qq.com/s?__biz=MjM5MzI5NTU3MQ==&mid=2652300102&idx=5&sn=a2cd80a0f1a235733250c626009b026b&chksm=bd7b7efa8a0cf7ecdebbe4c7f8b8dc4148de82122a10fae901c16510742bc6ae9fb4914a1047#rd","2024-01-19 09:13:26"
"2652300047_1","抢林俊杰演唱会的票被“调剂”成林子祥？大麦回应","http://mp.weixin.qq.com/s?__biz=MjM5MzI5NTU3MQ==&mid=2652300047&idx=1&sn=25787fbbf95763b5e601f18bf6d845c9&chksm=bd7b7eb38a0cf7a529c689b7534cc164a837c673718ac51372ed8d605afec4456f8fee9f8951#rd","2024-01-18 22:16:43"
"2652300047_2","被同学抽板凳致骨折，女生不满学校态度，浙江农林大：已积极协调","http://mp.weixin.qq.com/s?__biz=MjM5MzI5NTU3MQ==&mid=2652300047&idx=2&sn=7fd76f8a834026a7acc2eaafa6a5ab61&chksm=bd7b7eb38a0cf7a5c4391b07cb5afb053b2a7886475d7295bb2d399b51ee34b29325882628f6#rd","2024-01-18 22:16:43"
"2652300047_3","“促成一名男青年结婚，奖励红娘600元”","http://mp.weixin.qq.com/s?__biz=MjM5MzI5NTU3MQ==&mid=2652300047&idx=3&sn=721923df84f48d9c1637bb8839f5088f&chksm=bd7b7eb38a0cf7a5e8fe130746a945c2cedd61a4a024cf0a55def8d828b0eaa3aa61d9b3c30f#rd","2024-01-18 22:16:43"
"2652300047_4","“2888元内场观看火箭发射涉虚假宣传”，文昌通报","http://mp.weixin.qq.com/s?__biz=MjM5MzI5NTU3MQ==&mid=2652300047&idx=4&sn=6e9e927c8cb7d246cc11411a47dbe840&chksm=bd7b7eb38a0cf7a51b4560fe31b5f6be3e966e569997b64df130278ba1d8f86a47e38bd2d88f#rd","2024-01-18 22:16:43"
"2652299995_1","2岁女童送医后死亡，其父承认“时常殴打孩子”已被刑拘","http://mp.weixin.qq.com/s?__biz=MjM5MzI5NTU3MQ==&mid=2652299995&idx=1&sn=d206b515e6eaa602c684a8a5846b2b8e&chksm=bd7b7f678a0cf671f470e7c743097e3a4932667cc6c02621f18199f59581139db4809bc0e243#rd","2024-01-18 19:52:56"
"2652299995_2","“3人同时买同趟航班票价不同”，飞猪回应","http://mp.weixin.qq.com/s?__biz=MjM5MzI5NTU3MQ==&mid=2652299995&idx=2&sn=82005e42bb1a8983221f57f14b34ccd7&chksm=bd7b7f678a0cf6710a909fff4972a5816890f57ccbde41c0b272728ce45c203e641faa04ca68#rd","2024-01-18 19:52:56"
"2652299995_3","涉虚假宣传，任泽平“亲测有效”的防脱育发产品所属公司被罚","http://mp.weixin.qq.com/s?__biz=MjM5MzI5NTU3MQ==&mid=2652299995&idx=3&sn=24980353b5e5661c7e1fdcc2d695e34f&chksm=bd7b7f678a0cf67138bad6660b5bf3afa2663dd23e5be1afec0ce21122f8525594cced806ec0#rd","2024-01-18 19:52:56"
"2652299995_4","网易诉暴雪案今日开庭取消，法院：系原告撤诉","http://mp.weixin.qq.com/s?__biz=MjM5MzI5NTU3MQ==&mid=2652299995&idx=4&sn=15e30cebd282786a33cd1f81146a4154&chksm=bd7b7f678a0cf671dd5901902963bfd0267e0a491e26f63b16c5c5e47ab90822756cecd29eec#rd","2024-01-18 19:52:56"
"2652300240_1","大学生到打卡地爬火车被电伤，南京站回应","http://mp.weixin.qq.com/s?__biz=MjM5MzI5NTU3MQ==&mid=2652300240&idx=1&sn=1fef0e0d4840ef2c52b2237216200780&chksm=bd7b7e6c8a0cf77adadb18c9c204d2d82135825e81c1879cbbd4e0aec6886b514a08090e7164#rd","2024-01-19 16:11:24"
"2652300240_2","河南云台山“男女妲己”引热议，官方致歉","http://mp.weixin.qq.com/s?__biz=MjM5MzI5NTU3MQ==&mid=2652300240&idx=2&sn=753ddc8699a25c877b674d5aade45674&chksm=bd7b7e6c8a0cf77a05ee5105da0659a16fe99acea407ff105e258ef36500b1e89017cce09d9a#rd","2024-01-19 16:11:24"
"2652300240_3","下班后，继续“隐形加班”","http://mp.weixin.qq.com/s?__biz=MjM5MzI5NTU3MQ==&mid=2652300240&idx=3&sn=a6d7a6dc0775233db6546d24d75be33f&chksm=bd7b7e6c8a0cf77af3f45e7478b438cfa364a9d8d91e38bb4ebdc3232511cbddc6395b285d84#rd","2024-01-19 16:11:24"
"2652300240_4","公器私用，靠校吃校！张广被双开","http://mp.weixin.qq.com/s?__biz=MjM5MzI5NTU3MQ==&mid=2652300240&idx=4&sn=ca7a15afe7ef0fadca1b79ec0a7e7af9&chksm=bd7b7e6c8a0cf77a99a31e6d899f2af7513612b65b8620352adc3c7aee220b5f4cade66b327a#rd","2024-01-19 16:11:24"
"2652300171_1","老干部举报县领导后被捕，最高检回应","http://mp.weixin.qq.com/s?__biz=MjM5MzI5NTU3MQ==&mid=2652300171&idx=1&sn=7d482adfb5d70ee2ac7c46faf247617c&chksm=bd7b7e378a0cf72134e6766a425e46edbff717921c91c01eada7913353fac1d93a39adc9745a#rd","2024-01-19 12:18:20"
"2652300171_2","朝鲜进行水下核武器系统试验","http://mp.weixin.qq.com/s?__biz=MjM5MzI5NTU3MQ==&mid=2652300171&idx=2&sn=676226bcb17bcfbac0b24f1b30e21713&chksm=bd7b7e378a0cf7213eb96d386f297ef635c666458d8afe41beedf82e32d228f586bf3380ce04#rd","2024-01-19 12:18:20"
"2652300171_3","十分重要！我国在河南发现新矿物","http://mp.weixin.qq.com/s?__biz=MjM5MzI5NTU3MQ==&mid=2652300171&idx=3&sn=3c9e152077c600e6e924baff1ce6482a&chksm=bd7b7e378a0cf72143a7567aaef0206d806bf62e5f62c8de052a027dd10712add0adb7430608#rd","2024-01-19 12:18:20"
"2652300171_4","奥特曼：我相信AI无法替代人类","http://mp.weixin.qq.com/s?__biz=MjM5MzI5NTU3MQ==&mid=2652300171&idx=4&sn=37766c57a177f09b41ed54165872aa85&chksm=bd7b7e378a0cf72181c9374898aa15132ded742cfb98837625aa5465b80c66ceb2c10c8aa45d#rd","2024-01-19 12:18:20"
"2652300171_5","欧丽娟讲《红楼梦》｜开启红楼新读法，打开人生新活法","http://mp.weixin.qq.com/s?__biz=MjM5MzI5NTU3MQ==&mid=2652300171&idx=5&sn=8a277c519a62a0496f4ce51e222320c7&chksm=bd7b7e378a0cf72119477029ba5153b393d83b534b8d6c4360f1582f1863708f983e2daf85ec#rd","2024-01-19 12:18:20"
"2652300102_1","华中农业大学凌晨通报：教师黄某某，停职","http://mp.weixin.qq.com/s?__biz=MjM5MzI5NTU3MQ==&mid=2652300102&idx=1&sn=28e9edd37834490e5c0b117f87a2c7c6&chksm=bd7b7efa8a0cf7ec75faec7759afb0f1305389342b5a1d987b35175110200223d99ca7bd5cd1#rd","2024-01-19 09:13:26"
"2652300102_2","明确了！宿舍缺口大的高校，原则上不得新增招生指标","http://mp.weixin.qq.com/s?__biz=MjM5MzI5NTU3MQ==&mid=2652300102&idx=2&sn=4ab7a5f56e99a4eca05211a40f33759b&chksm=bd7b7efa8a0cf7ec69a84f22d2647810750a475eea95af879925afcebf94a8a618bf8451ad88#rd","2024-01-19 09:13:26"
"2652300102_3","“一霸手”刘文新：当市长眼里没书记，当书记眼里没州长","http://mp.weixin.qq.com/s?__biz=MjM5MzI5NTU3MQ==&mid=2652300102&idx=3&sn=6c46ed6e2d5649eb31f02fe006e3b3ad&chksm=bd7b7efa8a0cf7eca9d1f4a9b675b0cddba22d785eef54b1436ba7a394875e6359b46e264bb4#rd","2024-01-19 09:13:26"
"2652300102_4","卷名人、卷局长、卷服务……各地文旅这么卷，有用吗","http://mp.weixin.qq.com/s?__biz=MjM5MzI5NTU3MQ==&mid=2652300102&idx=4&sn=8eea43772241f1494d1b2a717c1d7d0a&chksm=bd7b7efa8a0cf7ec7e4cbbf4f679513ba49ec17e1227e88f20df28df1c826d54dcff708532df#rd","2024-01-19 09:13:26"
"2652300102_5","征集｜澎湃新闻与多特瑞携手发起“繁花之绪”主题艺术活动","http://mp.weixin.qq.com/s?__biz=MjM5MzI5NTU3MQ==&mid=2652300102&idx=5&sn=a2cd80a0f1a235733250c626009b026b&chksm=bd7b7efa8a0cf7ecdebbe4c7f8b8dc4148de82122a10fae901c16510742bc6ae9fb4914a1047#rd","2024-01-19 09:13:26"
"2652300047_1","抢林俊杰演唱会的票被“调剂”成林子祥？大麦回应","http://mp.weixin.qq.com/s?__biz=MjM5MzI5NTU3MQ==&mid=2652300047&idx=1&sn=25787fbbf95763b5e601f18bf6d845c9&chksm=bd7b7eb38a0cf7a529c689b7534cc164a837c673718ac51372ed8d605afec4456f8fee9f8951#rd","2024-01-18 22:16:43"
"2652300047_2","被同学抽板凳致骨折，女生不满学校态度，浙江农林大：已积极协调","http://mp.weixin.qq.com/s?__biz=MjM5MzI5NTU3MQ==&mid=2652300047&idx=2&sn=7fd76f8a834026a7acc2eaafa6a5ab61&chksm=bd7b7eb38a0cf7a5c4391b07cb5afb053b2a7886475d7295bb2d399b51ee34b29325882628f6#rd","2024-01-18 22:16:43"
"2652300047_3","“促成一名男青年结婚，奖励红娘600元”","http://mp.weixin.qq.com/s?__biz=MjM5MzI5NTU3MQ==&mid=2652300047&idx=3&sn=721923df84f48d9c1637bb8839f5088f&chksm=bd7b7eb38a0cf7a5e8fe130746a945c2cedd61a4a024cf0a55def8d828b0eaa3aa61d9b3c30f#rd","2024-01-18 22:16:43"
"2652300047_4","“2888元内场观看火箭发射涉虚假宣传”，文昌通报","http://mp.weixin.qq.com/s?__biz=MjM5MzI5NTU3MQ==&mid=2652300047&idx=4&sn=6e9e927c8cb7d246cc11411a47dbe840&chksm=bd7b7eb38a0cf7a51b4560fe31b5f6be3e966e569997b64df130278ba1d8f86a47e38bd2d88f#rd","2024-01-18 22:16:43"
"2652299995_1","2岁女童送医后死亡，其父承认“时常殴打孩子”已被刑拘","http://mp.weixin.qq.com/s?__biz=MjM5MzI5NTU3MQ==&mid=2652299995&idx=1&sn=d206b515e6eaa602c684a8a5846b2b8e&chksm=bd7b7f678a0cf671f470e7c743097e3a4932667cc6c02621f18199f59581139db4809bc0e243#rd","2024-01-18 19:52:56"
"2652299995_2","“3人同时买同趟航班票价不同”，飞猪回应","http://mp.weixin.qq.com/s?__biz=MjM5MzI5NTU3MQ==&mid=2652299995&idx=2&sn=82005e42bb1a8983221f57f14b34ccd7&chksm=bd7b7f678a0cf6710a909fff4972a5816890f57ccbde41c0b272728ce45c203e641faa04ca68#rd","2024-01-18 19:52:56"
"2652299995_3","涉虚假宣传，任泽平“亲测有效”的防脱育发产品所属公司被罚","http://mp.weixin.qq.com/s?__biz=MjM5MzI5NTU3MQ==&mid=2652299995&idx=3&sn=24980353b5e5661c7e1fdcc2d695e34f&chksm=bd7b7f678a0cf67138bad6660b5bf3afa2663dd23e5be1afec0ce21122f8525594cced806ec0#rd","2024-01-18 19:52:56"
"2652299995_4","网易诉暴雪案今日开庭取消，法院：系原告撤诉","http://mp.weixin.qq.com/s?__biz=MjM5MzI5NTU3MQ==&mid=2652299995&idx=4&sn=15e30cebd282786a33cd1f81146a4154&chksm=bd7b7f678a0cf671dd5901902963bfd0267e0a491e26f63b16c5c5e47ab90822756cecd29eec#rd","2024-01-18 19:52:56"
"2652300240_1","大学生到打卡地爬火车被电伤，南京站回应","http://mp.weixin.qq.com/s?__biz=MjM5MzI5NTU3MQ==&mid=2652300240&idx=1&sn=1fef0e0d4840ef2c52b2237216200780&chksm=bd7b7e6c8a0cf77adadb18c9c204d2d82135825e81c1879cbbd4e0aec6886b514a08090e7164#rd","2024-01-19 16:11:24"
"2652300240_2","河南云台山“男女妲己”引热议，官方致歉","http://mp.weixin.qq.com/s?__biz=MjM5MzI5NTU3MQ==&mid=2652300240&idx=2&sn=753ddc8699a25c877b674d5aade45674&chksm=bd7b7e6c8a0cf77a05ee5105da0659a16fe99acea407ff105e258ef36500b1e89017cce09d9a#rd","2024-01-19 16:11:24"
"2652300240_3","下班后，继续“隐形加班”","http://mp.weixin.qq.com/s?__biz=MjM5MzI5NTU3MQ==&mid=2652300240&idx=3&sn=a6d7a6dc0775233db6546d24d75be33f&chksm=bd7b7e6c8a0cf77af3f45e7478b438cfa364a9d8d91e38bb4ebdc3232511cbddc6395b285d84#rd","2024-01-19 16:11:24"
"2652300240_4","公器私用，靠校吃校！张广被双开","http://mp.weixin.qq.com/s?__biz=MjM5MzI5NTU3MQ==&mid=2652300240&idx=4&sn=ca7a15afe7ef0fadca1b79ec0a7e7af9&chksm=bd7b7e6c8a0cf77a99a31e6d899f2af7513612b65b8620352adc3c7aee220b5f4cade66b327a#rd","2024-01-19 16:11:24"
"2652300171_1","老干部举报县领导后被捕，最高检回应","http://mp.weixin.qq.com/s?__biz=MjM5MzI5NTU3MQ==&mid=2652300171&idx=1&sn=7d482adfb5d70ee2ac7c46faf247617c&chksm=bd7b7e378a0cf72134e6766a425e46edbff717921c91c01eada7913353fac1d93a39adc9745a#rd","2024-01-19 12:18:20"
"2652300171_2","朝鲜进行水下核武器系统试验","http://mp.weixin.qq.com/s?__biz=MjM5MzI5NTU3MQ==&mid=2652300171&idx=2&sn=676226bcb17bcfbac0b24f1b30e21713&chksm=bd7b7e378a0cf7213eb96d386f297ef635c666458d8afe41beedf82e32d228f586bf3380ce04#rd","2024-01-19 12:18:20"
"2652300171_3","十分重要！我国在河南发现新矿物","http://mp.weixin.qq.com/s?__biz=MjM5MzI5NTU3MQ==&mid=2652300171&idx=3&sn=3c9e152077c600e6e924baff1ce6482a&chksm=bd7b7e378a0cf72143a7567aaef0206d806bf62e5f62c8de052a027dd10712add0adb7430608#rd","2024-01-19 12:18:20"
"2652300171_4","奥特曼：我相信AI无法替代人类","http://mp.weixin.qq.com/s?__biz=MjM5MzI5NTU3MQ==&mid=2652300171&idx=4&sn=37766c57a177f09b41ed54165872aa85&chksm=bd7b7e378a0cf72181c9374898aa15132ded742cfb98837625aa5465b80c66ceb2c10c8aa45d#rd","2024-01-19 12:18:20"
"2652300171_5","欧丽娟讲《红楼梦》｜开启红楼新读法，打开人生新活法","http://mp.weixin.qq.com/s?__biz=MjM5MzI5NTU3MQ==&mid=2652300171&idx=5&sn=8a277c519a62a0496f4ce51e222320c7&chksm=bd7b7e378a0cf72119477029ba5153b393d83b534b8d6c4360f1582f1863708f983e2daf85ec#rd","2024-01-19 12:18:20"
"2652300102_1","华中农业大学凌晨通报：教师黄某某，停职","http://mp.weixin.qq.com/s?__biz=MjM5MzI5NTU3MQ==&mid=2652300102&idx=1&sn=28e9edd37834490e5c0b117f87a2c7c6&chksm=bd7b7efa8a0cf7ec75faec7759afb0f1305389342b5a1d987b35175110200223d99ca7bd5cd1#rd","2024-01-19 09:13:26"
"2652300102_2","明确了！宿舍缺口大的高校，原则上不得新增招生指标","http://mp.weixin.qq.com/s?__biz=MjM5MzI5NTU3MQ==&mid=2652300102&idx=2&sn=4ab7a5f56e99a4eca05211a40f33759b&chksm=bd7b7efa8a0cf7ec69a84f22d2647810750a475eea95af879925afcebf94a8a618bf8451ad88#rd","2024-01-19 09:13:26"
"2652300102_3","“一霸手”刘文新：当市长眼里没书记，当书记眼里没州长","http://mp.weixin.qq.com/s?__biz=MjM5MzI5NTU3MQ==&mid=2652300102&idx=3&sn=6c46ed6e2d5649eb31f02fe006e3b3ad&chksm=bd7b7efa8a0cf7eca9d1f4a9b675b0cddba22d785eef54b1436ba7a394875e6359b46e264bb4#rd","2024-01-19 09:13:26"
"2652300102_4","卷名人、卷局长、卷服务……各地文旅这么卷，有用吗","http://mp.weixin.qq.com/s?__biz=MjM5MzI5NTU3MQ==&mid=2652300102&idx=4&sn=8eea43772241f1494d1b2a717c1d7d0a&chksm=bd7b7efa8a0cf7ec7e4cbbf4f679513ba49ec17e1227e88f20df28df1c826d54dcff708532df#rd","2024-01-19 09:13:26"
"2652300102_5","征集｜澎湃新闻与多特瑞携手发起“繁花之绪”主题艺术活动","http://mp.weixin.qq.com/s?__biz=MjM5MzI5NTU3MQ==&mid=2652300102&idx=5&sn=a2cd80a0f1a235733250c626009b026b&chksm=bd7b7efa8a0cf7ecdebbe4c7f8b8dc4148de82122a10fae901c16510742bc6ae9fb4914a1047#rd","2024-01-19 09:13:26"
"2652300047_1","抢林俊杰演唱会的票被“调剂”成林子祥？大麦回应","http://mp.weixin.qq.com/s?__biz=MjM5MzI5NTU3MQ==&mid=2652300047&idx=1&sn=25787fbbf95763b5e601f18bf6d845c9&chksm=bd7b7eb38a0cf7a529c689b7534cc164a837c673718ac51372ed8d605afec4456f8fee9f8951#rd","2024-01-18 22:16:43"
"2652300047_2","被同学抽板凳致骨折，女生不满学校态度，浙江农林大：已积极协调","http://mp.weixin.qq.com/s?__biz=MjM5MzI5NTU3MQ==&mid=2652300047&idx=2&sn=7fd76f8a834026a7acc2eaafa6a5ab61&chksm=bd7b7eb38a0cf7a5c4391b07cb5afb053b2a7886475d7295bb2d399b51ee34b29325882628f6#rd","2024-01-18 22:16:43"
"2652300047_3","“促成一名男青年结婚，奖励红娘600元”","http://mp.weixin.qq.com/s?__biz=MjM5MzI5NTU3MQ==&mid=2652300047&idx=3&sn=721923df84f48d9c1637bb8839f5088f&chksm=bd7b7eb38a0cf7a5e8fe130746a945c2cedd61a4a024cf0a55def8d828b0eaa3aa61d9b3c30f#rd","2024-01-18 22:16:43"
"2652300047_4","“2888元内场观看火箭发射涉虚假宣传”，文昌通报","http://mp.weixin.qq.com/s?__biz=MjM5MzI5NTU3MQ==&mid=2652300047&idx=4&sn=6e9e927c8cb7d246cc11411a47dbe840&chksm=bd7b7eb38a0cf7a51b4560fe31b5f6be3e966e569997b64df130278ba1d8f86a47e38bd2d88f#rd","2024-01-18 22:16:43"
"2652299995_1","2岁女童送医后死亡，其父承认“时常殴打孩子”已被刑拘","http://mp.weixin.qq.com/s?__biz=MjM5MzI5NTU3MQ==&mid=2652299995&idx=1&sn=d206b515e6eaa602c684a8a5846b2b8e&chksm=bd7b7f678a0cf671f470e7c743097e3a4932667cc6c02621f18199f59581139db4809bc0e243#rd","2024-01-18 19:52:56"
"2652299995_2","“3人同时买同趟航班票价不同”，飞猪回应","http://mp.weixin.qq.com/s?__biz=MjM5MzI5NTU3MQ==&mid=2652299995&idx=2&sn=82005e42bb1a8983221f57f14b34ccd7&chksm=bd7b7f678a0cf6710a909fff4972a5816890f57ccbde41c0b272728ce45c203e641faa04ca68#rd","2024-01-18 19:52:56"
"2652299995_3","涉虚假宣传，任泽平“亲测有效”的防脱育发产品所属公司被罚","http://mp.weixin.qq.com/s?__biz=MjM5MzI5NTU3MQ==&mid=2652299995&idx=3&sn=24980353b5e5661c7e1fdcc2d695e34f&chksm=bd7b7f678a0cf67138bad6660b5bf3afa2663dd23e5be1afec0ce21122f8525594cced806ec0#rd","2024-01-18 19:52:56"
"2652299995_4","网易诉暴雪案今日开庭取消，法院：系原告撤诉","http://mp.weixin.qq.com/s?__biz=MjM5MzI5NTU3MQ==&mid=2652299995&idx=4&sn=15e30cebd282786a33cd1f81146a4154&chksm=bd7b7f678a0cf671dd5901902963bfd0267e0a491e26f63b16c5c5e47ab90822756cecd29eec#rd","2024-01-18 19:52:56"
"2652300240_1","大学生到打卡地爬火车被电伤，南京站回应","http://mp.weixin.qq.com/s?__biz=MjM5MzI5NTU3MQ==&mid=2652300240&idx=1&sn=1fef0e0d4840ef2c52b2237216200780&chksm=bd7b7e6c8a0cf77adadb18c9c204d2d82135825e81c1879cbbd4e0aec6886b514a08090e7164#rd","2024-01-19 16:11:24"
"2652300240_2","河南云台山“男女妲己”引热议，官方致歉","http://mp.weixin.qq.com/s?__biz=MjM5MzI5NTU3MQ==&mid=2652300240&idx=2&sn=753ddc8699a25c877b674d5aade45674&chksm=bd7b7e6c8a0cf77a05ee5105da0659a16fe99acea407ff105e258ef36500b1e89017cce09d9a#rd","2024-01-19 16:11:24"
"2652300240_3","下班后，继续“隐形加班”","http://mp.weixin.qq.com/s?__biz=MjM5MzI5NTU3MQ==&mid=2652300240&idx=3&sn=a6d7a6dc0775233db6546d24d75be33f&chksm=bd7b7e6c8a0cf77af3f45e7478b438cfa364a9d8d91e38bb4ebdc3232511cbddc6395b285d84#rd","2024-01-19 16:11:24"
"2652300240_4","公器私用，靠校吃校！张广被双开","http://mp.weixin.qq.com/s?__biz=MjM5MzI5NTU3MQ==&mid=2652300240&idx=4&sn=ca7a15afe7ef0fadca1b79ec0a7e7af9&chksm=bd7b7e6c8a0cf77a99a31e6d899f2af7513612b65b8620352adc3c7aee220b5f4cade66b327a#rd","2024-01-19 16:11:24"
"2652300171_1","老干部举报县领导后被捕，最高检回应","http://mp.weixin.qq.com/s?__biz=MjM5MzI5NTU3MQ==&mid=2652300171&idx=1&sn=7d482adfb5d70ee2ac7c46faf247617c&chksm=bd7b7e378a0cf72134e6766a425e46edbff717921c91c01eada7913353fac1d93a39adc9745a#rd","2024-01-19 12:18:20"
"2652300171_2","朝鲜进行水下核武器系统试验","http://mp.weixin.qq.com/s?__biz=MjM5MzI5NTU3MQ==&mid=2652300171&idx=2&sn=676226bcb17bcfbac0b24f1b30e21713&chksm=bd7b7e378a0cf7213eb96d386f297ef635c666458d8afe41beedf82e32d228f586bf3380ce04#rd","2024-01-19 12:18:20"
"2652300171_3","十分重要！我国在河南发现新矿物","http://mp.weixin.qq.com/s?__biz=MjM5MzI5NTU3MQ==&mid=2652300171&idx=3&sn=3c9e152077c600e6e924baff1ce6482a&chksm=bd7b7e378a0cf72143a7567aaef0206d806bf62e5f62c8de052a027dd10712add0adb7430608#rd","2024-01-19 12:18:20"
"2652300171_4","奥特曼：我相信AI无法替代人类","http://mp.weixin.qq.com/s?__biz=MjM5MzI5NTU3MQ==&mid=2652300171&idx=4&sn=37766c57a177f09b41ed54165872aa85&chksm=bd7b7e378a0cf72181c9374898aa15132ded742cfb98837625aa5465b80c66ceb2c10c8aa45d#rd","2024-01-19 12:18:20"
"2652300171_5","欧丽娟讲《红楼梦》｜开启红楼新读法，打开人生新活法","http://mp.weixin.qq.com/s?__biz=MjM5MzI5NTU3MQ==&mid=2652300171&idx=5&sn=8a277c519a62a0496f4ce51e222320c7&chksm=bd7b7e378a0cf72119477029ba5153b393d83b534b8d6c4360f1582f1863708f983e2daf85ec#rd","2024-01-19 12:18:20"
"2652300102_1","华中农业大学凌晨通报：教师黄某某，停职","http://mp.weixin.qq.com/s?__biz=MjM5MzI5NTU3MQ==&mid=2652300102&idx=1&sn=28e9edd37834490e5c0b117f87a2c7c6&chksm=bd7b7efa8a0cf7ec75faec7759afb0f1305389342b5a1d987b35175110200223d99ca7bd5cd1#rd","2024-01-19 09:13:26"
"2652300102_2","明确了！宿舍缺口大的高校，原则上不得新增招生指标","http://mp.weixin.qq.com/s?__biz=MjM5MzI5NTU3MQ==&mid=2652300102&idx=2&sn=4ab7a5f56e99a4eca05211a40f33759b&chksm=bd7b7efa8a0cf7ec69a84f22d2647810750a475eea95af879925afcebf94a8a618bf8451ad88#rd","2024-01-19 09:13:26"
"2652300102_3","“一霸手”刘文新：当市长眼里没书记，当书记眼里没州长","http://mp.weixin.qq.com/s?__biz=MjM5MzI5NTU3MQ==&mid=2652300102&idx=3&sn=6c46ed6e2d5649eb31f02fe006e3b3ad&chksm=bd7b7efa8a0cf7eca9d1f4a9b675b0cddba22d785eef54b1436ba7a394875e6359b46e264bb4#rd","2024-01-19 09:13:26"
"2652300102_4","卷名人、卷局长、卷服务……各地文旅这么卷，有用吗","http://mp.weixin.qq.com/s?__biz=MjM5MzI5NTU3MQ==&mid=2652300102&idx=4&sn=8eea43772241f1494d1b2a717c1d7d0a&chksm=bd7b7efa8a0cf7ec7e4cbbf4f679513ba49ec17e1227e88f20df28df1c826d54dcff708532df#rd","2024-01-19 09:13:26"
"2652300102_5","征集｜澎湃新闻与多特瑞携手发起“繁花之绪”主题艺术活动","http://mp.weixin.qq.com/s?__biz=MjM5MzI5NTU3MQ==&mid=2652300102&idx=5&sn=a2cd80a0f1a235733250c626009b026b&chksm=bd7b7efa8a0cf7ecdebbe4c7f8b8dc4148de82122a10fae901c16510742bc6ae9fb4914a1047#rd","2024-01-19 09:13:26"
"2652300047_1","抢林俊杰演唱会的票被“调剂”成林子祥？大麦回应","http://mp.weixin.qq.com/s?__biz=MjM5MzI5NTU3MQ==&mid=2652300047&idx=1&sn=25787fbbf95763b5e601f18bf6d845c9&chksm=bd7b7eb38a0cf7a529c689b7534cc164a837c673718ac51372ed8d605afec4456f8fee9f8951#rd","2024-01-18 22:16:43"
"2652300047_2","被同学抽板凳致骨折，女生不满学校态度，浙江农林大：已积极协调","http://mp.weixin.qq.com/s?__biz=MjM5MzI5NTU3MQ==&mid=2652300047&idx=2&sn=7fd76f8a834026a7acc2eaafa6a5ab61&chksm=bd7b7eb38a0cf7a5c4391b07cb5afb053b2a7886475d7295bb2d399b51ee34b29325882628f6#rd","2024-01-18 22:16:43"
"2652300047_3","“促成一名男青年结婚，奖励红娘600元”","http://mp.weixin.qq.com/s?__biz=MjM5MzI5NTU3MQ==&mid=2652300047&idx=3&sn=721923df84f48d9c1637bb8839f5088f&chksm=bd7b7eb38a0cf7a5e8fe130746a945c2cedd61a4a024cf0a55def8d828b0eaa3aa61d9b3c30f#rd","2024-01-18 22:16:43"
"2652300047_4","“2888元内场观看火箭发射涉虚假宣传”，文昌通报","http://mp.weixin.qq.com/s?__biz=MjM5MzI5NTU3MQ==&mid=2652300047&idx=4&sn=6e9e927c8cb7d246cc11411a47dbe840&chksm=bd7b7eb38a0cf7a51b4560fe31b5f6be3e966e569997b64df130278ba1d8f86a47e38bd2d88f#rd","2024-01-18 22:16:43"
"2652299995_1","2岁女童送医后死亡，其父承认“时常殴打孩子”已被刑拘","http://mp.weixin.qq.com/s?__biz=MjM5MzI5NTU3MQ==&mid=2652299995&idx=1&sn=d206b515e6eaa602c684a8a5846b2b8e&chksm=bd7b7f678a0cf671f470e7c743097e3a4932667cc6c02621f18199f59581139db4809bc0e243#rd","2024-01-18 19:52:56"
"2652299995_2","“3人同时买同趟航班票价不同”，飞猪回应","http://mp.weixin.qq.com/s?__biz=MjM5MzI5NTU3MQ==&mid=2652299995&idx=2&sn=82005e42bb1a8983221f57f14b34ccd7&chksm=bd7b7f678a0cf6710a909fff4972a5816890f57ccbde41c0b272728ce45c203e641faa04ca68#rd","2024-01-18 19:52:56"
"2652299995_3","涉虚假宣传，任泽平“亲测有效”的防脱育发产品所属公司被罚","http://mp.weixin.qq.com/s?__biz=MjM5MzI5NTU3MQ==&mid=2652299995&idx=3&sn=24980353b5e5661c7e1fdcc2d695e34f&chksm=bd7b7f678a0cf67138bad6660b5bf3afa2663dd23e5be1afec0ce21122f8525594cced806ec0#rd","2024-01-18 19:52:56"
"2652299995_4","网易诉暴雪案今日开庭取消，法院：系原告撤诉","http://mp.weixin.qq.com/s?__biz=MjM5MzI5NTU3MQ==&mid=2652299995&idx=4&sn=15e30cebd282786a33cd1f81146a4154&chksm=bd7b7f678a0cf671dd5901902963bfd0267e0a491e26f63b16c5c5e47ab90822756cecd29eec#rd","2024-01-18 19:52:56"
